7.894736842105262720e-02,2.084724421130739608e-02,3.092582066733024160e+00,1.533974438470357693e-01,1.588036807981981768e-01,7.271657670968879605e-01,0.000000000000000000e+00,1.397459165154265048e-01,-2.354014409787818352e+01,2.084616922752668078e+00,8.350176085667579962e-01,2.241486957996363938e-01,2.481289829680320969e-01,-1.341609084419061182e-02,-1.343324299279038958e-01,-2.180506090827658838e-01,-1.664583719791392080e-01,-4.824052358875535740e-01,2.674048923207542616e-01,2.239277189333377382e-01,-1.968428864251256794e-01,3.347766396011255322e-03,1.259576846603477525e-03,1.641439311343009105e-02,4.497207349345710807e-03,3.876966988915832996e-02,5.605839556228836562e-02,1.024107308363507440e-01,6.100422313502814730e-04,2.988909560105392285e-03,7.196482570560604544e-03,3.786597577413232385e-02,1.038881498506054324e-03,2.992481081601378046e-02
8.348457350272232846e-02,1.917490458444537013e-02,3.133409158577951992e+00,1.542080872441010664e-01,1.493427662767221054e-01,8.595342098019784771e-01,2.132663479820238149e-03,1.424682395644283062e-01,-2.328762616024265952e+01,1.711399826574162120e+00,8.547816692963636775e-01,-3.336827313187254451e-01,3.607453307287389888e-01,3.054265955203459559e-01,-3.494569087934774609e-01,1.934202253247463421e-02,-2.910172028623091989e-01,-3.859250214121268674e-01,1.782820449138730612e-02,1.868217991302707076e-02,4.410012181317873314e-01,5.847360582745194345e-03,1.159166006913724687e-03,2.121395856564794319e-02,3.228264153462187189e-03,1.366202103606490963e-02,1.150228240340995384e-01,6.041116949186391138e-02,2.796558601598660957e-04,3.034820372862177471e-03,7.945862420367790641e-03,2.513060504213806765e-02,2.446831722522390014e-03,3.248813909079862478e-02
1.039019963702359356e-01,3.297716415550638186e-02,3.091246532586272799e+00,1.899081207731455057e-01,1.717376131543050521e-01,1.237059379165446504e+00,3.448515663873233383e-03,2.341197822141560803e-01,-2.170460803274912820e+01,8.839760813236230419e-01,-1.936921232988275399e-01,-1.929802969105965174e-02,4.964888802041283328e-02,3.453872115758860883e-01,-4.866556664108815378e-01,-6.120086407224318847e-01,-3.907803574329620777e-01,-9.500607325211700427e-02,8.806132675404572396e-02,-6.440400516543324377e-03,4.180945983732901605e-01,1.869681124415156119e-03,1.765350251500119507e-03,5.927690237746075647e-03,1.262660346260312087e-02,1.922376019827903154e-02,4.750391630726309711e-02,1.304244963218380120e-02,1.831429947672954086e-03,4.064662090986055631e-03,1.023090163104746486e-02,2.553716316398473365e-02,3.768857284958676036e-03,1.283868185639681046e-02
1.778584392014519178e-01,1.043872152536152835e-02,3.138920490098792371e+00,2.132108048996244065e-01,1.710497860841948270e-01,1.680416523057410405e+00,1.814664594205589801e-03,3.185117967332123379e-01,-2.353546306419771383e+01,8.659127291624295619e-01,-3.819437533705964394e-01,3.504222487411512987e-01,-2.650643402478664729e-02,-2.468999870306602118e-01,-5.638608143535015493e-01,1.446525701365653227e-01,2.740627030545901843e-01,-9.791222747713111945e-05,-2.294930563508833232e-02,-1.106486227785975635e-01,-1.823331360102014784e-02,3.727805344201877338e-03,4.870598171413715975e-03,4.893316947804255204e-03,1.584697156514518548e-02,1.677554035798664231e-02,7.533979244634171103e-03,2.774770349613275150e-03,8.088130001995783329e-04,1.923168846646988468e-03,3.838147763994194384e-02,7.992588053546668958e-03,5.731745323436837972e-03,1.000505795082839294e-02
1.619782214156079980e-01,5.330201445664177994e-03,3.292273951690490641e+00,2.111036695687985021e-01,1.669483336830991649e-01,1.759171049343838389e+00,1.535607087128711178e-03,2.667876588021778628e-01,-2.509028561485744646e+01,1.126048926914992920e+00,7.356361435776319346e-02,-9.973785446897283358e-02,3.578563009105546755e-02,-4.005215446439607252e-01,-4.023583833376551677e-01,8.459442239892679682e-02,-5.977823852144698719e-02,-2.081364560459995072e-01,3.344025409135890636e-01,1.439255484737407553e-01,1.107962538254996521e-01,7.116557321370543809e-04,1.889764103236843927e-03,8.059172741848042928e-03,4.614172453171521554e-02,1.290603693115994523e-02,1.784608476723167914e-02,3.904748647613401694e-03,9.013420357474250574e-04,2.553260229914585972e-03,1.566631665798088463e-02,1.780337554034882967e-03,2.644986294394822534e-03,1.244697230633697548e-02
1.833030852994555482e-01,8.383034290296492719e-03,3.258968977615253948e+00,2.213722757492615212e-01,1.650620670177461724e-01,1.899872665422314144e+00,1.810109172120783405e-03,3.266787658802177696e-01,-2.432033061821568865e+01,1.129296441178849086e+00,-2.171497548804753874e-01,-3.197107483257833338e-01,2.558058332211533004e-01,-2.135931001556403974e-01,-4.961163327464285233e-01,2.485940841979652760e-01,-2.217019356256321461e-01,-7.043917642843591231e-01,4.336551054585820464e-01,7.411189769879777955e-01,3.041418970843400293e-01,1.365954847835281968e-03,6.687646854294585809e-03,4.640909305697358406e-03,1.473140049861888790e-02,9.438612503677308932e-03,2.492177979035606339e-02,1.516194588956378334e-02,2.465268573099452503e-03,3.997612013731523077e-03,8.350312295676773355e-03,1.140370291667471350e-03,9.734091142809131111e-03,6.678353372519777766e-03
2.295825771324863929e-01,9.222605358537789774e-03,3.239738835046271248e+00,2.562830090109234904e-01,1.767445055737356108e-01,2.062822885820249752e+00,1.335256164232564123e-03,4.346642468239564350e-01,-2.445526316337065964e+01,1.203190826860721874e+00,-2.702258936390594668e-01,-2.154699021228408395e-01,1.903113909424320460e-01,-1.716573667665543257e-01,-5.155076853386848512e-01,9.862343698642518641e-02,-2.768334790183483163e-01,-8.359341135028885983e-01,-2.588482648069387326e-02,5.945757691691968549e-01,-2.023465541438380574e-02,2.120031033658713489e-03,1.560744334957292305e-02,5.961799869725785579e-03,1.165179948964197368e-02,1.681425625291876544e-02,6.625134636981261111e-04,1.008589416380794440e-02,9.399844993311297662e-04,2.897470332537114245e-03,7.020683008045746146e-03,1.041736719568139586e-03,8.317310167423810777e-04,5.685494449305683075e-03
2.336660617059891087e-01,4.986228956992848349e-03,3.297773835481841331e+00,2.634650866304202865e-01,1.866617292654910998e-01,2.093100867988607394e+00,8.886944795596283218e-04,4.373865698729582641e-01,-2.510563054810673833e+01,9.139850074735331731e-01,-9.943577186955349090e-02,-2.133059423798432108e-02,3.103602881831187821e-01,-3.156443675898811807e-01,-8.982317693193651031e-01,-1.849981717839871975e-01,-2.395429908252451612e-01,-4.711665412762295335e-01,2.155550853432330882e-01,1.842124182234929353e-01,-1.227247670382681649e-01,1.279892944129435795e-03,7.769097882841745004e-03,5.600305537049948650e-03,1.743811253474130893e-02,2.446648308229823487e-02,6.746641653654719163e-03,9.479348930868075618e-03,1.077201869928799205e-03,9.226476228632629270e-03,5.168397143877368274e-03,2.450199359032329167e-03,8.143248544721340583e-04,6.789455720826551889e-03
1.610707803992740550e-01,2.061821675839225348e-02,3.250627845154623330e+00,2.198524050119272100e-01,1.727910602948303509e-01,1.903981639281999927e+00,1.844247136745484107e-03,3.076225045372050770e-01,-2.296568382268845454e+01,3.436021215569619591e-01,4.263286696190377034e-01,-7.103259443232697867e-01,4.028629462308027515e-03,2.345824776310424242e-01,-4.080075673397238756e-01,-4.210226558017931553e-01,-5.010828189321048232e-01,-5.851650770045649930e-01,1.522681145163723715e-01,7.062992064790807323e-02,9.424067401478532224e-03,3.311235415756172158e-03,2.792917142326665873e-03,3.994028464516520029e-03,2.392524685379305086e-02,5.463430289189931573e-03,1.857547587698210947e-02,9.088765856013113209e-03,1.180713078362253437e-03,1.513047060373711459e-03,2.099267335226436600e-03,2.714891862768550705e-03,2.605154223616340005e-03,7.008362952903491108e-03
8.847549909255898737e-02,2.752509343201648556e-02,3.266269138610888856e+00,1.749381635845578542e-01,1.792883170410314586e-01,9.098881310902640074e-01,3.002565176962085618e-03,1.742286751361161456e-01,-2.227304234208176581e+01,8.509283558398590408e-01,-1.028722174800358546e+00,-6.640750930786133432e-01,1.046946152445587114e-01,2.893726954568124343e-01,-2.208867287358189935e-01,-6.273031360596678097e-01,-1.672511050872985683e-01,-2.977956151061608159e-01,-1.284818130786893886e-01,-1.377431999852081201e-01,1.959730845947817157e-01,3.252242029015904503e-03,5.658676625296887690e-03,6.740336953066984257e-03,1.980238540521427060e-02,1.697006014922593925e-02,1.053835536223136915e-02,7.099791132464032192e-03,2.757278588869799870e-03,7.428321095555140072e-03,1.430252579048416940e-02,7.301144986274391881e-03,2.085437004062213120e-03,5.434287826992447931e-03
1.070780399274047223e-01,1.991072029186339437e-02,3.283278232319385204e+00,1.674385484195703711e-01,1.534486312778129413e-01,9.899904441135805033e-01,3.576896593330884406e-03,2.050816696914700421e-01,-2.328086499950946120e+01,1.358886051197591760e+00,-1.161393700219775615e+00,-3.010791871271474851e-01,5.561263679523816839e-01,-3.705309695218911292e-01,-5.801658127242759200e-01,-5.074584474763368380e-01,-7.310976333771420643e-01,-5.392442517092264076e-01,-3.989211157165895028e-01,-1.998967229619730557e-01,1.492844420219980595e-01,1.124301400334076296e-03,5.886366371762664570e-03,1.336101758738048560e-02,2.910914433588613140e-02,4.927411214936404382e-02,3.927775060355583915e-03,3.968570363524740949e-03,9.769131595150155195e-03,4.484834776544413884e-03,3.750778807396437653e-03,2.358487319288509083e-03,1.386542633124898498e-02,1.352278363095731073e-02
7.803992740471869805e-02,1.982785192925484372e-02,3.226334709217696162e+00,1.549679139181816545e-01,1.455138554040782128e-01,8.620383590924488582e-01,5.832285061927927616e-03,1.560798548094373961e-01,-2.348278101246785710e+01,1.376028843281517311e+00,-9.214755947819733839e-01,-8.682834105480013998e-02,6.086757956144217552e-01,-6.657503302917148202e-01,-6.503098381691098107e-01,-5.149539931845191765e-01,-6.229173062680471995e-01,-1.340999862674390475e-01,1.853328773924415307e-01,-6.002516394561861757e-03,2.322571201740029068e-01,5.723890452433810609e-03,2.239907438607999061e-03,4.748955356706356309e-03,1.683835140145090864e-02,2.086810752067211599e-03,3.135399797847829295e-02,2.708281660423944928e-02,2.270203015095192337e-04,3.559108719605195374e-03,6.624014888863239206e-03,1.410114760236896728e-03,2.950187361267953001e-03,1.006651008438879009e-02
8.393829401088928610e-02,1.597639129058726903e-02,3.159869521270661785e+00,1.527371618021250432e-01,1.468329742398645221e-01,7.977650325511597140e-01,6.016830523912143625e-03,1.687840290381125152e-01,-2.396152154230980003e+01,1.327327598663015307e+00,-9.620686201600212595e-01,-4.785965599206187804e-01,2.374373591029938779e-01,-4.709207745474362078e-02,-4.486134502365707322e-01,-7.365211162633612529e-01,-8.884009227087824589e-01,-6.188113073095667938e-01,5.203668368665776561e-02,4.286679524819855258e-01,7.830910980610634731e-01,7.497054485374214303e-04,3.465708600135997824e-03,5.680832474802569899e-03,2.253962690272954400e-02,8.179226275537138102e-02,2.828424888406810139e-02,5.564668729337676235e-03,2.051177848370917736e-03,1.597914772411191536e-02,1.612614449044891827e-03,2.708210612153181401e-03,6.027652158147729818e-03,2.195621385480479165e-02
8.802177858439201585e-02,5.727291799768139541e-02,2.383280628910048993e+00,1.677566946176663465e-01,2.035287237116633619e-01,3.142944789551639362e-01,1.315574774647791656e-02,2.268602540834845777e-02,-2.298662713382787004e+01,2.623525862066014902e+00,4.002045419026627471e-01,1.714199623742409806e-01,4.112098776274210055e-01,8.491414622859764227e-01,2.332991010237577545e-01,5.639198653667340522e-02,3.760848334061824838e-01,3.215478241692364819e-02,1.033441660795539688e-02,2.322847916683440372e-01,4.388626273997923988e-02,7.653160589326726956e-04,2.431882295242027234e-03,1.088261950780629178e-01,1.839035350690633799e-02,5.649034179950317841e-02,2.122339620072573579e-03,3.099638408620586719e-02,6.881910738641448333e-04,3.604869005209680038e-03,6.875005239495311608e-03,5.550030314808630794e-02,1.165917224456449993e-03,3.237993134994199274e-02
9.255898366606170324e-02,4.720786581628751144e-02,3.080097654572557353e+00,1.786238673150974121e-01,1.839467469566737345e-01,9.024648337987645208e-01,8.085881345263777262e-03,1.560798548094373961e-01,-2.210375129402839534e+01,1.569635299402025952e+00,2.458982056777933300e-01,-3.066472260388595217e-01,3.965528127792805613e-01,4.448134223987710301e-01,1.299757018486145388e-01,-1.104315724578612962e-01,7.159524113017927405e-02,1.290122889654021256e-02,2.325830943889838336e-03,-1.306133067365497502e-01,-2.727895822435904075e-02,1.695963414878747313e-02,1.329254109968438851e-03,3.731511495990850330e-02,9.773910366519551057e-03,5.566658083505694916e-03,5.541352304582724750e-03,1.782696274798469538e-01,2.045844908349571129e-03,1.719758094707063856e-03,5.053495381868082156e-03,2.357404465446447106e-02,7.318697684482948496e-03,4.746503708468069460e-02
8.666061705989110131e-02,5.890507771997495479e-02,3.023773958157371933e+00,1.651757930317507006e-01,1.651337899143983934e-01,7.174798883261050975e-01,3.642978475095244237e-03,1.361161524500907327e-01,-2.268128907029658592e+01,1.764279617051500271e+00,5.075288332552876369e-01,-1.839468655777174999e-01,3.327511606555045298e-01,2.786986825496751696e-01,3.536794118087181471e-01,1.470365504045344218e-01,3.897850665311827778e-02,-2.538150760201597911e-01,-1.420234914738530696e-01,1.379130206399258041e-01,5.424685265764157827e-02,6.536174456437390985e-03,1.415020449264158767e-03,2.374027260373055559e-01,5.383770613576199793e-03,1.540518976125646727e-02,5.355523322314159791e-03,5.884674953597673897e-02,8.258784943758268934e-04,5.102666669140018844e-04,3.935108791186306236e-03,1.530197807042256962e-02,2.590007646059173680e-03,6.455357944658601799e-02
1.234119782214156136e-01,2.764252423969210462e-02,3.170892952957279132e+00,2.107587842169003078e-01,1.896919916064462308e-01,1.331272694132477286e+00,4.262240872192291086e-03,2.522686025408348298e-01,-2.256437011595200914e+01,1.461403321474384009e+00,3.898153464422886572e-01,2.932179981513252653e-01,4.597183562992431249e-01,1.823079947472500129e-02,-1.842509686361497867e-01,2.921065806182888136e-01,3.617605706838896706e-01,3.828752676866249011e-02,8.683049537194348008e-03,-1.571824801100479840e-01,-1.057759233122171211e-01,1.136621252714371290e-02,2.938594141026784103e-03,2.130948237878393936e-02,2.471697294665682176e-03,2.022121163324518481e-02,8.454412323721186701e-03,1.107614696436541313e-01,8.090754010025131247e-04,2.017583201174247710e-03,5.836267745163873331e-03,2.101894972183834462e-02,9.730352546805921127e-03,2.886755150796305180e-02
1.302177858439201585e-01,2.664141304313417946e-02,3.176610548447356130e+00,2.097519044917144082e-01,1.931677236515544627e-01,1.318052175304374130e+00,1.555229688442784537e-03,2.450090744101633411e-01,-2.234178247077654333e+01,1.629264700698168200e+00,4.575577057299977657e-01,7.418660429875881257e-02,3.019346403022769021e-01,1.229919504704022892e-01,2.671788935793184896e-02,-7.720880116673828342e-02,-2.793731130661353257e-02,7.593608749341142217e-02,3.716555868836320942e-01,-3.043149836355407700e-02,2.399854932564898791e-02,1.825490490418687703e-02,6.386695022753605382e-04,8.744259516265761797e-03,2.826383206140895173e-03,4.298414203739017725e-02,1.428443652602353481e-02,4.199042631735298847e-02,8.607415221658036965e-04,6.540656348521945405e-03,2.514043249613274675e-02,1.286676571725862278e-02,7.482977910114830752e-03,1.399724629716550539e-02
1.411070780399273916e-01,1.211364877677777695e-02,3.144183165747176822e+00,1.803730978443396082e-01,1.496561119140722707e-01,1.423166572984128297e+00,2.371295651120688009e-03,2.377495462794918246e-01,-2.378063955764852366e+01,8.581065874309228292e-01,-6.159811167290502737e-02,-3.953632111799478266e-01,3.029195242869731630e-01,4.478366530765893333e-02,-2.802017706287738275e-01,-3.831316819662740070e-01,-1.012908212377011674e-01,-1.361677016278837471e-01,4.733294056849578491e-01,3.299589291001361335e-01,2.283950108599440421e-01,1.079005902985670680e-03,3.350110535958148849e-03,1.791692628305099465e-03,2.834438934740456800e-03,1.671983354065655764e-02,4.453512204685577958e-02,1.356734641126585567e-02,2.343219168076314757e-04,9.404585925679064679e-03,5.792075897993812818e-03,9.219360700810039569e-03,8.423471773426872977e-03,1.157883649680079702e-02
9.346642468239564627e-02,6.449874403415845059e-02,2.826112822910725964e+00,1.976453988783845317e-01,2.035526095870543450e-01,6.314545721847123483e-01,8.634725536211976943e-03,8.711433756805807282e-02,-2.260500827193373397e+01,1.556394589094021175e+00,8.200217160065697009e-01,3.678475897296120678e-01,2.968430362762114472e-01,4.386103259269425458e-01,3.154363199336054358e-01,2.668010070961119307e-01,3.090902749324190291e-01,1.402650380217261572e-01,-3.484102040274618395e-02,2.035311228122561877e-01,-3.780023540917894220e-02,1.362937222981426772e-03,1.168379039373930754e-03,6.159746455394853742e-02,2.680915741037045389e-03,7.475238173158710309e-02,2.415737180368790916e-03,2.260654251061058623e-03,1.832504948129931328e-04,8.689108892885887047e-04,1.613910671883591382e-03,1.192486095973017551e-01,6.592578427012151313e-04,3.830350879820895726e-02
8.938294010889291652e-02,5.563917566907271295e-02,3.181188284500162666e+00,1.935449475101728434e-01,2.030323507588933651e-01,8.767301229145203489e-01,5.690882183138321754e-03,1.624319419237749418e-01,-2.202177722919813263e+01,1.180270257784753696e+00,4.898186664989836459e-01,4.861859530224618697e-01,2.366304893229042861e-01,2.564205403903752623e-01,2.555333639759362341e-01,1.071467040347391514e-01,-1.331281355981081549e-01,2.043310462830199570e-01,-4.871418002522057145e-02,-9.538523072748927856e-02,-1.633631208681770863e-01,1.966785449052268434e-03,4.217853483282846608e-03,1.964949669026060664e-01,8.679713208481211169e-04,1.736670601083716015e-02,6.870051336299277771e-03,6.210182166941697474e-02,7.274475292568796311e-04,1.921278376776733299e-03,2.947672062755641535e-03,2.436690821043029434e-02,1.393146084648109106e-03,5.388798732832675298e-02
9.301270417422867476e-02,3.599311200948074330e-02,3.284439481453066634e+00,1.817268818739607716e-01,1.872061729273500341e-01,9.273962812018914370e-01,1.387197745766512733e-03,1.642468239564428278e-01,-2.227278781316699252e+01,1.244897833512633278e+00,5.132947577242218395e-01,4.468000210292751295e-01,2.110776433191400292e-01,2.491536633421509439e-01,3.936126095140939918e-01,8.482411010781922001e-02,-1.673111317255020214e-01,-5.581847947508103425e-02,4.642502634896649751e-03,2.011773406295570554e-01,1.750429821351204840e-01,2.131799276919228627e-03,1.649618436898439349e-03,1.633667979990534036e-01,3.846709040408633710e-03,1.978119201950737788e-02,5.594990752386022614e-03,2.715435882312750016e-02,9.059310052631908269e-04,1.634673585323973433e-03,9.207080840479216904e-03,4.638473775226871487e-02,1.770048613858932413e-03,4.417709579542843795e-02
7.078039927404718157e-02,3.250194751822079592e-02,3.217276890104297404e+00,1.640494350486865205e-01,1.691237563875188921e-01,9.144519613776613820e-01,2.276950992453101712e-03,1.542649727767695100e-01,-2.232376742888743593e+01,1.199580319620781266e+00,5.610812670037014227e-01,5.243951658747344480e-01,5.071632673824517656e-01,6.792474946056430429e-01,2.124352026206697275e-01,5.389946393645290469e-03,-1.600629392877044865e-01,-3.933335085019622479e-01,-3.008968173135398994e-01,-1.628958634425626273e-01,-1.166967813099213241e-01,6.292494400557411931e-03,2.605851943464300349e-03,6.828818821381957282e-02,9.775941589963381764e-03,1.882416575279600643e-02,4.090572332573490233e-03,4.106738649854480699e-02,2.079549152825013909e-03,3.827420480966790806e-04,8.019439283239448990e-03,6.853309885491090658e-02,1.335069288248237488e-03,2.444739059723847335e-02
9.664246823956443300e-02,3.364964865327788046e-02,3.254461342187397133e+00,1.729422496732639092e-01,1.894528746525672158e-01,8.731594058643179501e-01,1.731086007114471075e-03,1.560798548094373961e-01,-2.188978556636252648e+01,1.387475242423184207e+00,-9.353591538552032125e-02,1.115754786154157657e-01,3.917686320763572594e-01,5.998806393281380656e-01,2.310082528567044269e-01,-1.166285826064952236e-01,1.823475284268587238e-01,-2.793673504407432895e-01,-3.649602443670470486e-01,-4.206403791393139441e-02,-2.486002087324647516e-02,1.353461989158925502e-02,1.608748904722181409e-03,5.619192573167208077e-02,6.616646992103173384e-03,1.255442188566514156e-02,8.733194889984278661e-03,2.133521191947368098e-02,1.442465447319073906e-03,4.431557090453390468e-03,1.181925992654663665e-02,5.231182775676884028e-02,3.007964092872631584e-03,1.793536628461490576e-02
1.306715063520871023e-01,2.553039273624905028e-02,2.913384551268459077e+00,1.905548970587032376e-01,1.612373786803313058e-01,1.565315520771020541e+00,2.368791680546851377e-03,2.713248638838475224e-01,-2.195952975985024480e+01,7.562864340909219996e-01,-2.524321812008997190e-01,-1.521162198860770420e-01,-6.055930274580691164e-02,4.893407135378050055e-01,1.583668725364037744e-01,-3.790037154318711687e-01,-1.526316707008294193e-01,-2.188548619872187628e-01,1.124533609700899793e-02,-4.596261566226413353e-01,-1.278954689301001479e-01,4.355883841881478223e-03,8.079263494405294205e-03,1.362948199243433495e-02,5.094014212343614054e-03,3.961072305286449276e-03,1.904565624225649720e-02,1.714660748025686673e-02,1.815184865497756865e-03,2.615201890204911159e-02,1.026520318364667131e-02,6.390628794275639811e-03,3.428481742575683819e-03,7.224273622923030672e-03
1.383847549909255903e-01,4.176293318066978677e-02,3.042690137614789236e+00,1.930087538185503993e-01,1.697253939690898661e-01,1.543283790194542648e+00,1.675703117124482380e-03,2.450090744101633411e-01,-2.149843307200966080e+01,6.483001230381042479e-01,1.851140673943195425e-01,-8.866235477748685145e-02,2.234021408750085924e-01,3.674754514799827843e-01,-3.931628922755446842e-01,-4.895972536872285619e-01,-3.254249481881321682e-01,-3.021949542093399499e-01,-3.995955080289902150e-02,7.215001928618004767e-02,3.103002923941771685e-01,2.464046708019490810e-03,3.230931396408128365e-03,1.491671823059110592e-02,7.600323416072882719e-03,2.356296418995391245e-02,9.264267788460752925e-03,1.522505513990586069e-02,3.495618533418767306e-03,7.313608392792284897e-03,2.777596714035431708e-02,1.652698639261192606e-02,1.861206943651264132e-03,8.185796093693426673e-03
1.261343012704174149e-01,1.989312142915200532e-02,3.255789523284768894e+00,2.082437920793800412e-01,1.879848059969401186e-01,1.313573065461318023e+00,2.035665183695327483e-03,2.223230490018148764e-01,-2.302112565352596363e+01,1.534405341550892254e+00,5.450262812761389464e-01,6.079820461853928902e-03,2.662594961287246820e-01,-3.391984993743921584e-03,-3.216243319953752677e-01,-2.874911095165900154e-01,-2.548508634506138071e-01,-2.221404727454800998e-01,-1.738386653003143323e-01,2.331494428070042257e-01,8.453788053320893114e-02,4.998173000387884021e-03,3.349132633570308954e-03,3.243055298974632100e-02,3.768379501438386125e-03,1.067805867713753076e-01,3.532712485727902262e-03,3.856453751346466952e-02,6.018743982709977422e-04,1.313877464243766446e-02,2.587017268544159615e-03,1.890296972713023053e-03,1.977339361824093956e-03,2.942268502440449629e-02
6.896551724137930939e-02,5.637576638855908845e-02,2.801277403367060881e+00,1.739567846863014910e-01,1.785525726304942606e-01,5.361074775252181457e-01,5.424627820514783295e-03,3.629764065335753381e-02,-2.282866035543514371e+01,2.206762238698475986e+00,9.531990852906601086e-01,2.393516698060310643e-01,2.525341158886290072e-01,1.675704532755149523e-01,2.652682877272207751e-01,1.601271787898258803e-01,-1.948600073785630021e-02,-3.997515201979113253e-01,1.576988622063581896e-02,1.781199510857666146e-01,5.632386153555037911e-01,3.453004093437507267e-03,2.060626135137403302e-03,1.036881819587688741e-01,7.889066537970878049e-03,7.291860676396751118e-02,5.763798930166944869e-03,2.062199893636315270e-02,3.280504218083639856e-04,3.070470364288801438e-03,1.251342427049309666e-03,6.548190566615125219e-02,7.795788027603757064e-04,3.418831174480961577e-02
7.940108892921959871e-02,4.908977297304056853e-02,3.054177494576841845e+00,1.785679594964084682e-01,1.862519906463772357e-01,6.811189079023535209e-01,5.967784573519216776e-03,1.116152450090744097e-01,-2.293664822284041094e+01,1.444640911975800579e+00,9.518509911977502957e-01,2.847792211401825591e-01,8.120936863723612897e-02,4.593622907051525539e-02,1.125373690413801753e-01,2.503151780693648187e-01,3.588104213672897724e-02,-3.166083873521001180e-01,-4.308849769714966915e-01,1.379765952077086910e-01,4.197111719753579551e-01,3.448676919766579217e-03,1.982271287568620685e-03,1.278229575202482204e-01,1.252755544352639064e-03,2.133649505143638686e-02,3.068835932086787753e-04,1.256242499392059009e-01,1.477933109071296984e-04,3.306209297118501301e-03,1.035702574075914300e-03,6.327768935510350023e-02,3.196322333974904403e-04,4.691201126745755956e-02
8.756805807622504434e-02,2.882899779129588155e-02,3.194384192370755216e+00,1.939989233735401886e-01,1.985766004458354994e-01,8.186365953331510292e-01,2.329433596099043935e-03,1.415607985480943631e-01,-2.330628794124604042e+01,1.443716975359992105e+00,4.364132806544087639e-01,5.393305123190943878e-02,3.768205499159902327e-01,3.147954824705753163e-01,8.136934346331865797e-02,1.563542627635761961e-01,-2.435187059404596566e-01,5.340164094143567963e-02,3.808527656825094199e-01,5.744494581014249895e-02,1.248230069495457305e-02,1.198889305631997866e-03,1.721836088317651395e-03,2.282958067781377109e-01,2.027469863300934705e-03,1.844948812045644343e-02,4.444484233987298243e-04,4.791499139828396536e-02,6.710629981676943800e-04,3.197836015418122849e-03,4.419576253548384258e-03,2.374468163609725138e-02,6.608021103708221211e-04,6.200246208233779061e-02
9.573502722323048997e-02,1.958390785571520118e-02,3.231234063867996387e+00,2.023980383855718823e-01,2.050639727010072633e-01,8.573535228738067282e-01,1.612422097089818030e-03,1.442831215970961922e-01,-2.343073027686973830e+01,1.810620012297370796e+00,4.420728419044094304e-01,9.297063364014698100e-03,1.252615032448881338e-01,1.860667822890710310e-01,3.534181617000925479e-01,3.418648129236720457e-01,-5.056323431410129562e-03,-3.573716470644554000e-01,-1.100993120884974710e-02,2.546615639026268973e-01,2.027722325170475126e-02,1.322284858703272944e-03,2.543119043673202576e-03,1.495469148731948250e-01,4.052425801550105060e-03,1.872597242115249874e-02,2.484634257537741021e-03,6.057277058617584892e-02,1.567658731717092935e-03,1.238610546788688560e-03,6.921964882099158542e-03,4.221348544233474720e-02,6.622424326067578772e-04,4.198313097320101328e-02
5.127041742286751053e-02,2.460499299913480875e-02,3.233972489774503245e+00,1.591704533273470001e-01,2.011451890008188470e-01,4.290652720778413975e-01,2.130239864566816060e-03,5.898366606170599158e-02,-2.263107409803734882e+01,1.936909843219624561e+00,-2.287315258015062969e-01,6.142377206227105091e-02,1.599397912109648268e-01,5.062518168699561283e-01,4.802209010048232307e-01,2.805564681324075882e-01,6.358722799052457519e-02,-4.287382250878488121e-01,-1.541354750961678455e-01,1.606721176432946430e-01,2.187661721724939723e-01,1.951468640986836131e-03,2.295673796721527538e-03,1.137009099291702435e-01,2.455759142172901990e-02,2.638703663763734136e-02,1.971490456697520474e-02,2.584781613743990236e-02,7.535988675390327624e-04,1.184228895038035934e-03,9.089596053767941622e-03,2.612152235135164688e-02,5.136409164496336241e-04,2.994904768163321809e-02
5.263157894736841813e-02,1.617958292339385581e-02,3.246726781208336909e+00,1.303230145890165170e-01,1.602972785626541885e-01,3.322792120611254840e-01,2.730406674345237095e-03,5.535390199637023334e-02,-2.374168960411175178e+01,1.903903525132447871e+00,-2.108418840882923251e-01,5.186929667310227199e-01,5.168159446562493597e-01,-4.985239547892147960e-02,4.456251946673450148e-01,2.837380443722588574e-01,5.717154691423580182e-02,-1.183079228948797079e-01,3.744551747709512490e-02,5.650523763304086955e-02,4.607057684899189542e-01,1.617933613638477706e-03,4.401971132918687524e-03,1.284969080287280130e-01,3.509796796089226147e-03,5.519463743030370018e-02,2.039327869501447472e-03,3.262325833203020414e-02,8.591303350169286366e-04,1.123220278623231552e-03,3.375060625996777457e-03,3.010055602601485747e-02,2.667665550133994294e-04,3.627369183490964516e-02
1.138838475499092534e-01,4.623750771745689658e-02,3.195988058459261261e+00,1.907337397963241588e-01,1.630647788667946296e-01,1.394363015070898770e+00,7.466077190495887077e-03,2.468239564428312272e-01,-2.170751694176775715e+01,2.901131057300284644e-01,-6.931234910981760589e-01,-5.521620122274758513e-01,1.459216566206003041e-01,1.074687558329626424e-01,-2.923598823217323228e-01,-2.947402102619172681e-01,-7.227620466505794150e-01,-6.064672989238502065e-01,-5.303626938442863870e-02,-1.647940758017358079e-02,1.692779400135270285e-01,8.113710059584307646e-04,2.873239338574326215e-03,4.783061379520787103e-03,1.209492475473655446e-02,4.415455291577145142e-02,7.036472138117683302e-03,2.531707230427531971e-02,9.111543136707336149e-03,2.952884748671287963e-03,4.690881432256758209e-03,1.715396679076100495e-02,4.628081948381862118e-04,1.220184149759706051e-02
8.484573502722322913e-02,1.172371433965705909e-02,3.150966534629225269e+00,1.782130614545250347e-01,1.734132417155107297e-01,9.858862895968610873e-01,2.517656473372797184e-03,1.678765880217785722e-01,-2.352964466428802126e+01,1.181789709386541043e+00,-4.447567812903377438e-01,-8.911797091561923789e-01,-4.559237762076718409e-02,-1.188897844175098792e-02,-1.761891437173059016e-01,1.238183391090382501e-01,-2.888319062525397385e-01,-6.186023476165219970e-01,-3.365283352861563326e-01,1.340127114565383692e-01,2.952360354430584866e-01,1.764386795488719767e-03,3.502150325346190408e-03,2.830529772040502740e-02,4.529763893692813348e-02,1.987676701447741237e-02,4.056340782630391342e-03,1.725465524903372488e-02,9.774107639813932932e-04,2.224787337684865519e-03,1.467538886212327136e-02,8.752654286924545224e-03,1.040767871916978456e-03,1.309591211003710565e-02
8.711433756805807282e-02,4.848418779952389304e-03,3.203057122416243629e+00,1.598053074545500996e-01,1.663253468986361228e-01,6.617438387772276442e-01,3.625831353097544625e-03,1.016333938294010919e-01,-2.471745791924986690e+01,1.830431557303661139e+00,-5.683109969288246965e-01,-3.080323119737913284e-01,5.814998850385563189e-01,2.471877070016864908e-01,-2.674960611699952473e-01,-2.204033701262125833e-03,-3.857065522971379612e-01,-7.657011686638678372e-01,-3.036140306272651634e-01,-6.917445396229882082e-02,-1.026298778207709039e-01,4.235094971451178192e-03,5.187975151123014328e-03,4.005996324921705376e-02,6.524273366515251360e-02,1.850469256487006012e-02,1.334696363575998621e-02,3.642583284980506486e-02,7.124320353805536693e-04,6.222032582681629245e-03,3.161362707082358836e-03,6.120357908573762981e-03,2.441631030238755953e-02,1.886079955951838402e-02
8.529945553539020064e-02,1.101081162142419911e-02,3.244913460618717327e+00,1.644237900977957301e-01,1.675546948017920534e-01,6.956378122593237512e-01,5.081262847395508382e-03,1.415607985480943631e-01,-2.393920530238657562e+01,1.161185841158241416e+00,-1.581113658945153322e+00,-2.275982855212012670e-02,3.397921348006164854e-01,-3.293423633923098226e-01,2.747782165265489351e-01,-5.618711800166141801e-01,-4.959638426572229308e-01,-5.316522185872130102e-01,-8.614732605780191232e-02,9.836683695767215255e-03,4.734944128235415994e-01,2.669195892021685758e-03,1.341565643947680410e-03,8.576313822673990034e-03,1.627196157878763733e-02,2.408029038536428981e-02,1.135163308136471344e-02,2.034094838486363854e-02,1.740108025983160348e-02,4.084694789753558382e-03,3.644612685826369419e-03,2.716747644840387596e-02,4.234420003999646233e-04,8.984181650372751252e-03
7.168784029038112460e-02,1.270653301853533548e-02,3.203779540280923932e+00,1.522930873413446129e-01,1.505654680939358114e-01,5.485201242944836020e-01,3.567224722077209573e-03,7.894736842105262720e-02,-2.416865133760327566e+01,4.422682997653770709e-01,-1.461679380596210498e+00,1.979081587548972287e-01,4.601660265773409586e-01,-2.096512094411493166e-01,-5.461635568487771542e-01,-4.404237557114890622e-01,9.014613717331200482e-02,-7.466306850256810845e-01,-6.349701805771786889e-01,-8.033086039653294930e-02,3.872697022171908005e-02,5.048534763380278616e-03,9.606201817812985710e-03,7.966852061729598825e-03,1.519608127474526144e-02,1.254842763744977137e-03,5.057754567439336213e-03,4.077641011816500807e-03,1.310158988850111238e-03,6.168425624919963816e-04,6.337491455987985869e-03,2.001249630188644754e-02,1.588646888093988088e-03,5.724721173056774963e-03
9.255898366606170324e-02,9.600200609274195038e-03,3.231929614905104220e+00,1.695478269260643489e-01,1.647081454901139219e-01,8.318634088646548186e-01,4.140783946576490245e-03,1.524500907441016240e-01,-2.393094657257004343e+01,8.014499651236540734e-01,-1.102814634163423513e+00,1.190020134278424596e-01,2.732136132892933889e-01,-6.136857683906089544e-01,-4.988316625114300185e-01,-6.013376293654884019e-01,-1.394896879918452459e-01,-6.926685030692292244e-01,-2.252666160694076214e-01,1.633623378865760589e-01,3.665778377011814637e-01,2.595649836789239249e-03,7.305300037191994091e-03,5.667331537974511571e-03,9.192962277447525726e-03,3.696073177209849292e-02,6.980302318971997114e-03,1.225586429798545922e-02,8.154177986917858501e-03,5.588407486697812357e-03,3.423991210135998373e-03,8.886631943769568442e-03,4.866229259998754164e-02,1.378003541234733634e-02
1.206896551724137984e-01,7.445543837019175104e-03,3.286490308962184859e+00,1.784161091919366227e-01,1.564729845141823450e-01,1.255111693827455799e+00,2.012249560281537553e-03,2.068965517241379282e-01,-2.420341190062439196e+01,4.317469386721762281e-01,-8.624640160008035794e-01,2.657385164475234429e-01,1.410286290231797246e-01,-4.136738910699902516e-01,-6.447180403269030524e-01,-2.778272541706688359e-01,-1.476667083468867214e-01,-6.773949855557126476e-01,-7.285309361575249831e-02,-1.808518040040095753e-01,3.822395961438347922e-01,1.963325456909802234e-03,8.460693478435175191e-03,7.778213809309758066e-03,6.983169415074059333e-03,2.468524792615051089e-02,1.043252970385426075e-02,9.383980757618586022e-03,2.519603161458481601e-03,3.899790551070203993e-03,1.698077934162509160e-03,1.271620182965636434e-02,9.607102902106059300e-03,6.013408302946797457e-03
1.510889292196007372e-01,3.569763874594714028e-03,3.258563612798351272e+00,2.090574754811910796e-01,1.755282149410660186e-01,1.593936964314651705e+00,1.818826472910205303e-03,2.794918330308530097e-01,-2.533111162192724919e+01,5.825354304227854385e-01,-4.935847451716833256e-01,2.673284204992553148e-01,2.367946443371772847e-01,-4.725479665496045562e-02,-7.010933096099620787e-01,-3.375025559920750151e-01,-4.350113117656829176e-01,-7.670504184730483344e-01,1.950236110151633284e-01,-1.294106925952080156e-01,-4.221398527341907458e-02,4.919674976212837746e-03,2.565065631500574542e-03,8.381884553449696698e-03,1.547071528281283338e-02,3.827116895756338399e-02,7.230910057671369531e-03,1.983771671178874429e-02,1.585408349299193692e-03,4.494338643970972533e-03,2.279572029942785773e-03,4.364229627601102883e-03,3.303012279027075018e-03,1.020718856860526429e-02
1.569872958257713114e-01,4.770108841381341669e-03,3.240997641625235737e+00,2.112636255748971681e-01,1.701030412244517731e-01,1.682943361842139884e+00,1.747500340115454819e-03,3.094373865698729631e-01,-2.483924403904858380e+01,1.467515679243046600e+00,-6.963375316990034758e-01,-3.658375014900222544e-01,4.182239294786406769e-01,1.581977395508125661e-01,-5.351340022209868375e-01,-2.406266407596848733e-01,-7.689698871472830377e-02,-3.668146025320832559e-01,-4.448906144707390903e-02,1.318556014093120454e-01,3.256461591273729361e-01,5.874384712218966818e-03,3.060298378591909049e-03,6.784936984765121103e-03,1.439490649584281717e-02,5.262446651423576156e-03,1.021777784322747476e-02,1.789434719352378869e-02,1.020646827069559247e-02,6.303714042435295921e-03,1.032206675880361496e-02,1.096825678080038703e-02,2.713996676313135473e-03,4.341208254115291355e-03
1.265880217785843864e-01,3.894457115638037380e-03,3.264198832429098029e+00,1.892701184282098992e-01,1.725158486583203143e-01,1.269071802281895867e+00,2.247842672543065405e-03,2.350272232304900233e-01,-2.534350044647405298e+01,1.422286139616268263e+00,-1.253404490694609297e-01,-2.122177586767609592e-01,-4.754526042970832339e-02,2.308161345574193390e-01,-8.628821397470572141e-02,-2.267118580491752633e-01,-4.736288651280023410e-01,-7.356081258962351432e-01,-3.912112303511222633e-02,1.724552228940433307e-01,3.732770498060778985e-01,1.760235006038263173e-03,5.525014139462827538e-03,6.972192976032055844e-02,1.188432291691615510e-02,3.278688551759154773e-02,1.360156035791313441e-03,2.481336353631720740e-02,7.738960068299145009e-04,1.403172377232415370e-02,1.064079021366967116e-03,7.085441829128039277e-03,1.669987579198212993e-03,1.936734196515691592e-02
1.025408348457350211e-01,4.687951370293242347e-03,3.268647898198321133e+00,1.691335388753721358e-01,1.500224774449061271e-01,1.071291473036281250e+00,2.269134490973538209e-03,2.150635208711433877e-01,-2.521060914580509049e+01,1.806001419677256248e+00,-2.019949430739707841e-01,-2.089401626329900896e-01,-6.208535348228945427e-02,-4.865390286065696124e-02,-3.678218333211881186e-01,-2.083974221891161660e-01,-1.253108314566895864e-01,-4.290031953669710130e-01,-2.438097349115915871e-02,1.926988120736114196e-01,3.515371873270893843e-01,2.200163753754877730e-03,5.273934959210739570e-03,1.009845894536621908e-01,2.128620743273210159e-02,1.575245607434102094e-02,3.301986281604866319e-02,5.387867694683978748e-02,1.196121861029319751e-03,7.429996808659068003e-03,6.420029490021020996e-03,6.985521774732007458e-03,1.608607513465387792e-03,2.830101427811956838e-02
1.238656987295825712e-01,7.832260329031595983e-03,3.138672164922284846e+00,1.794599858908766388e-01,1.596041009162461333e-01,1.172925600643591748e+00,2.471578330023530955e-03,2.540834845735027159e-01,-2.462467453915004612e+01,1.735515269375548897e+00,2.507755717157353348e-01,-3.728488768956433330e-01,-2.676752358522319630e-01,-3.527412243433998562e-02,-4.101996796390467992e-01,-3.743886952040090255e-01,-5.534153408253399409e-01,-8.231061388680988022e-01,2.480552142328711629e-01,6.729885621669451368e-01,2.970877172825688306e-01,2.961497471164604729e-03,1.389122767907583454e-03,4.163318229813651322e-02,1.760578244662937622e-02,7.523309508201310447e-02,9.244203714225983359e-03,3.750679182849488147e-02,5.528865632217288498e-04,6.630258259023404273e-03,8.133021541321307918e-03,4.289483304280391866e-03,1.908202633318883783e-03,2.191822207068375508e-02
9.709618874773139063e-02,4.504486820095478933e-02,3.195052298773400246e+00,1.527963331264180491e-01,1.333667557378134250e-01,1.250537987379823024e+00,4.856046568219272996e-03,1.560798548094373961e-01,-2.230218951234254376e+01,6.172500711780677385e-01,2.699307506499047937e-01,-1.633978161770766713e+00,-2.028881836457214483e-01,2.052865493314120771e-01,-5.124094466741775378e-01,5.518244429620792202e-01,-2.865311912661293592e-01,-5.145809940429068030e-01,-8.884041443694178364e-01,-2.356729285054259548e-01,-1.350195572177493863e-01,7.924107664531141598e-03,8.800698795373594271e-03,3.438681045329341351e-02,3.836418958784945654e-02,1.441015372866979831e-02,1.152712976565438072e-02,6.942405485393336219e-03,1.538882880163060371e-03,1.573751533285503400e-03,8.680319319174795026e-04,7.502096945350339224e-04,2.229497765080155902e-03,1.225021804945176582e-02
9.800362976406533366e-02,3.048313614758875814e-02,3.267399968535840138e+00,1.652936573671994203e-01,1.606628601439048509e-01,9.884497147256420257e-01,3.774160846534796616e-03,1.569872958257713114e-01,-2.240469141556810584e+01,7.334488809773126450e-02,-5.552016471734222414e-01,-4.243957075777038956e-01,2.120686653864823634e-01,2.928956591425322942e-01,-6.506821462109586562e-01,2.928469150117756215e-01,2.509692487009485551e-01,-6.549090171646492209e-01,-5.966493286307917865e-01,-2.137929531151550044e-01,3.811047627469560939e-01,4.783238947201858687e-02,1.076172322809638114e-02,9.908045794197772524e-03,1.017254918568666691e-02,3.942085260242608399e-03,3.041467122762931720e-03,8.168432045132416677e-03,1.271582487456059075e-03,3.009023809799460120e-03,4.119525282362865477e-03,6.064044652072699861e-03,1.189061075238438464e-03,1.212409113989347878e-02
1.202359346642468269e-01,2.022705066351000724e-02,3.146552927429156377e+00,1.745927755623920274e-01,1.808965263835633219e-01,9.074894672590735345e-01,2.318731092362265496e-03,1.687840290381125152e-01,-2.315380093581542909e+01,3.390086710754451893e-01,-1.379682978256818737e+00,-6.354236526359313686e-01,-1.420609907413123985e-01,9.888540301391600396e-02,-5.230273166949380714e-01,1.111467397172885910e-02,1.146255511711958275e-01,-1.043808052443603973e+00,-3.657825651961780222e-01,2.809581342433974116e-02,4.689530222274177484e-01,2.082117749952448749e-02,2.638922185893822700e-02,4.665830545085685593e-02,1.244195273940712325e-02,8.276928219020159017e-03,4.655095513479893740e-03,3.061498961731469372e-03,1.812157683335864460e-03,1.148968671578936120e-03,4.931187569588999300e-03,8.828867037432883841e-03,3.577227900927089973e-03,1.286566356888897179e-02
1.238656987295825712e-01,1.312766345485675071e-02,3.307822511667463328e+00,1.867577120344015851e-01,1.650052030081986254e-01,1.162837426609910185e+00,3.010294194708072746e-03,2.141560798548094446e-01,-2.420440363980690535e+01,5.567051303924973604e-01,-5.918141533983826141e-01,5.866035123535912055e-02,-2.591953472591360108e-01,1.493254307858920549e-01,-2.105150108765496686e-02,4.442178265269175474e-01,4.601921709201685640e-01,-7.721046054523555968e-01,-4.129438714055392867e-01,4.655681241866508890e-01,5.151704438006051712e-01,5.450820973927000997e-03,8.586504908057091337e-03,4.721652453910792774e-02,1.015542232962423491e-02,4.094066189375583295e-03,1.881229936546031153e-03,6.139115397428351190e-03,7.214206078412604669e-04,4.259338410924173694e-03,2.394908860802736662e-03,2.135830498717543411e-03,7.968618577961632558e-04,1.221287513631184179e-02
1.243194192377495427e-01,1.436308752801461648e-02,3.310964096523991707e+00,1.867516537587591285e-01,1.593450820122706280e-01,1.167522355145851565e+00,3.136008140877151115e-03,2.350272232304900233e-01,-2.367856692101914717e+01,1.035051948330709015e+00,-8.406759600187858894e-02,2.061946779254488979e-02,-5.426681497756005168e-01,-1.934795050894984325e-01,6.851020236249583117e-02,1.447867741832634947e-01,-4.647442067675446042e-02,-6.849137399662820203e-01,-1.604729372027027812e-01,1.294038617949982428e-01,3.613668476268762642e-01,1.133451722734040096e-03,4.006574901660021892e-02,2.324176148425995819e-02,3.962781156141740452e-03,4.075359345391629980e-03,3.378536189892639499e-03,1.992128706585016493e-02,8.520074833877488854e-04,4.656291889698245534e-03,3.091096040756112669e-03,3.705261274648230865e-03,3.134491887688883654e-04,1.174003888021959464e-02
1.161524500907440971e-01,1.415226352090618971e-02,3.260958783163807162e+00,1.862670307023535365e-01,1.707009918838070794e-01,1.017423907400751615e+00,2.694853107807088002e-03,2.087114337568058142e-01,-2.340138595526211418e+01,7.244517895651569894e-01,-3.761139753670437735e-01,2.687964968109857189e-01,-1.249471330040849947e-02,-5.205955355071667512e-02,-5.617126865744987985e-01,-1.690117720177147440e-02,3.665346500747604930e-01,-6.194802909186544193e-01,-6.124048488779935129e-01,-3.781417124258977802e-01,4.061861830063561718e-01,4.255281765333109902e-03,2.018718608962685734e-02,3.133135553359267522e-02,1.303514803831110416e-02,2.105702677978824044e-02,1.963218183693614047e-02,6.056756321499343586e-03,2.952223461179236965e-04,2.946899049417247857e-03,8.153996328108901320e-03,2.799499400446218284e-03,1.545580595026739643e-03,9.537788326213686441e-03
8.892921960072595888e-02,2.938706852143978601e-02,3.244707074101835342e+00,1.920415517497558455e-01,1.786123356702431775e-01,6.644450054139122708e-01,3.739587719260436312e-03,8.983666061705988803e-02,-2.381505042653789062e+01,3.408131582029095274e-01,-3.648056190345834726e-01,8.083813269141493230e-01,-2.055721482236497200e-01,-2.917039703864134775e-02,-2.992314899290101637e-01,2.389073608438405938e-01,3.323587380859574503e-01,-1.378593928005886093e+00,-5.179701772189959641e-01,-8.614316915103334416e-02,9.222278665578054202e-02,1.389378898858007784e-02,6.852043031790390482e-02,1.395939722065364132e-02,1.175130501242465861e-03,2.912320365596918550e-03,6.181000542277562994e-04,3.368477896586793887e-03,3.741424778896619758e-04,1.922114415439070021e-03,5.122026914900166270e-04,7.789369072245677520e-04,4.436418251067170441e-04,1.854905155894466182e-02
1.120689655172413812e-01,4.735881219811183956e-02,3.173553514385687446e+00,1.908632132872680742e-01,1.663631442425419216e-01,1.289435166786851772e+00,6.848782585433774682e-03,2.123411978221415586e-01,-2.188193764641306416e+01,-1.114337052432917002e-02,-5.474746452929825091e-01,-1.416648155533306308e-01,2.282127473327916489e-01,-8.505507755526656166e-02,-1.305751669302770701e-01,-3.179720407984817226e-02,-1.938289882126294494e-01,-5.736649565188460809e-01,4.848336987182677027e-01,8.748044009309413616e-01,1.591461489922701977e-02,1.915710700031674710e-03,4.165343090469826245e-03,7.632753010180465779e-03,5.430445743584731699e-02,2.880545252872248295e-03,5.821355725517220366e-03,1.158984721368896617e-02,1.206351759208999525e-03,1.208114009313326085e-03,6.709197805981892415e-03,1.131563530514588349e-02,6.176267218092705829e-04,1.409596856724164293e-02
1.234119782214156136e-01,3.697932010885823795e-02,3.298851427199198660e+00,1.826264819547923912e-01,1.564367201338268676e-01,1.264533693264479508e+00,2.282197862756886464e-03,1.923774954627949230e-01,-2.224303132239995762e+01,-9.336212282687166020e-02,-5.196391230937577044e-01,2.872369217362929009e-02,3.461002670233533363e-01,2.147755091019182550e-01,-2.137331634457781057e-02,-2.352011267895285640e-01,-4.572098310650303532e-02,-5.978599309768387604e-01,1.342585334616810122e-01,6.504651194764616839e-01,1.428411505027117057e-01,4.447511617925141089e-03,1.740814672508255063e-03,3.053283214986245338e-03,1.410819676150981174e-02,5.069913431912617327e-03,1.395864863932723236e-02,5.116696678087854534e-03,1.096225655893701264e-03,9.064232032235781077e-04,3.599624302573053904e-03,2.107109979065498531e-02,3.752249573323822914e-03,6.089504620904385122e-03
8.121597096188747089e-02,2.019769549585262794e-02,3.191483829467123723e+00,1.655437498792778073e-01,1.822943235509128790e-01,6.150161025532173698e-01,4.073577337043573707e-03,9.528130671506351845e-02,-2.329029924753755765e+01,4.425398637088370224e-01,-1.536983642880689782e+00,3.217720555388215997e-01,2.649808005760698193e-01,8.419345873483775888e-02,1.715045669486580937e-01,-5.829287509210914209e-01,4.468754773823262194e-02,-1.314843177335905111e-01,3.927540685445780611e-01,8.614718689032453414e-01,4.408260313497439076e-01,1.225467200097108723e-02,8.037794929647916822e-03,9.236324874150009939e-03,3.088919088736691906e-03,1.021736806531788576e-02,1.170081272611636809e-02,1.624896852695811161e-02,4.127669218466595118e-03,2.806733132556510097e-03,3.601988012739258411e-03,3.767088052559464627e-03,1.031457029413422816e-03,4.564900835714647866e-03
9.165154264972777409e-02,1.620184658330401858e-02,3.271391678114092816e+00,1.734872935957534890e-01,1.779499134721304332e-01,7.107167342759638240e-01,6.483599521265159989e-03,1.288566243194192440e-01,-2.363187552022439419e+01,1.362935979552103660e+00,-6.266048988856022239e-01,1.294567719781138382e-01,1.884821556649446395e-01,2.163644929503376613e-01,2.055170985266077111e-01,-6.136450193393929720e-01,-3.582533464139817658e-01,1.089951004785943700e-01,6.470442062948774664e-01,3.387637211064012943e-01,-9.692211717947320226e-02,1.865742000804607994e-03,1.923289854053505986e-03,2.282461524915803744e-02,1.987707815672719053e-03,5.565406349842296797e-03,9.460213323439810177e-04,4.742075752293394009e-02,7.782391690810816151e-04,1.757043378328577293e-02,2.496822702704867489e-03,4.883105221212711775e-03,1.468436835243331576e-03,1.338796723249266289e-02
1.016333938294010919e-01,1.643942237492355962e-02,2.833687279199764930e+00,1.691152385514540224e-01,1.587436970294605343e-01,7.657289586768858403e-01,4.428138355422851606e-03,1.506352087114337657e-01,-2.361694379335846605e+01,5.771429695018668315e-01,-1.015634268330350531e+00,-2.013720388137825168e-01,-1.967590843758043606e-01,2.466533460220698137e-01,-4.706081600302429724e-01,-2.785719964824761585e-01,-3.145128729075497565e-01,-2.346644528298342802e-01,9.885521130586008010e-01,-1.835610874836869355e-01,-6.928574706260653970e-02,2.486093889626069409e-03,7.404304093169217574e-03,6.979310199096617519e-03,1.306718004402641995e-03,3.098742520554324288e-03,1.996021816806982027e-03,6.127137576186421353e-02,1.465411448074067230e-03,1.434662892133421741e-02,4.961615458863708264e-03,4.173839014280472139e-03,1.787020152166140857e-03,1.607408175833772990e-02
1.479128856624319366e-01,2.010417432245816330e-02,3.258916137431836280e+00,2.036675091965466644e-01,1.583516026346400152e-01,1.697478803862485064e+00,3.172719810640100245e-03,2.940108892921959871e-01,-2.375667662116504886e+01,3.609489799789361020e-01,-2.372429262757948243e-01,-1.650610531116614710e-01,4.335736958584578415e-01,2.590116813703933207e-01,-5.664867056326068672e-04,-6.865832298429358493e-01,-5.480651467787075459e-01,-2.785631160721046551e-01,1.141444485483769089e+00,1.373354796830194846e-01,1.988807812025762400e-01,8.434783349730298274e-04,2.226426617729244158e-03,5.778721343634975194e-03,1.983594591413651541e-03,1.890842007055879752e-03,1.918345565518436669e-03,3.993508490375731468e-02,3.453557233469572302e-02,3.173354865681365759e-03,2.146339895944962464e-03,5.208367472121608506e-03,4.227088870819487422e-04,1.305555623383280670e-02
8.529945553539020064e-02,9.934983440240928443e-02,3.100237653099062740e+00,1.804057566430112836e-01,1.731792435287555776e-01,8.550934743027267526e-01,5.775985868461371367e-03,1.533575317604355670e-01,-2.146214505138832607e+01,1.394717853947061936e+00,5.080426620382580971e-01,4.216453566259770747e-01,6.722536314088386478e-01,6.150323479027918205e-01,1.694967426495561647e-01,-5.060911227636152865e-02,2.658067579354048693e-01,-9.392337767795008729e-02,1.915886269050648960e-01,-1.927482735278555209e-02,2.252515752571302987e-01,2.036292138885038329e-03,4.085244557413620281e-04,6.123350978716531057e-02,2.943532985306337828e-03,1.937146460682206278e-02,1.374703524778727974e-03,4.289424436282870956e-02,2.613593086741825954e-03,5.482340778045751567e-04,4.387639497670074891e-03,1.228631017070872244e-01,7.756970651788632799e-04,3.583008643184602132e-02
7.894736842105262720e-02,2.407692116780139543e-02,3.191878838588352085e+00,1.833497542588713169e-01,1.653641310877393411e-01,9.554944212359034461e-01,5.897006014375677507e-03,2.059891107078039851e-01,-2.411204445957188369e+01,1.497814319527000171e+00,9.999900794963434425e-02,1.202742269126269165e-01,5.431014106265182884e-01,5.036016974408286107e-01,7.179981744486584050e-02,-6.275860833919184589e-01,-4.004520716037274775e-01,-9.630812232149310592e-02,4.233838230267251701e-01,-7.407249272913564442e-02,-5.452888514150966426e-02,1.945059622733622115e-03,2.238078932233992374e-04,1.632564127045602054e-01,7.008077762401423820e-03,6.898790658544526333e-03,8.220738648590421175e-04,1.418771205302536698e-01,1.090670734523017243e-02,2.666247381290962840e-03,1.084161537508982961e-02,5.532598282214633290e-03,3.109036668939847660e-04,5.538876388391569122e-02
